{
  "semgraph2": {
    "bert-base": [
      0.101, 
      5.8999999999999995
    ], 
    "bert-large": [
      0.077, 
      4.5
    ], 
    "roberta-base": [
      0.101, 
      5.8999999999999995
    ], 
    "roberta-large": [
      0.086, 
      5.0
    ], 
    "deberta-base": [
      0.112, 
      6.6000000000000005
    ]
  },
  "contradict_vertex": {
    "bert-base": [
      1.161, 
      64.9
    ], 
    "bert-large": [
      1.149, 
      64.2
    ], 
    "roberta-base": [
      1.16, 
      64.9
    ], 
    "roberta-large": [
      1.144, 
      63.9
    ], 
    "deberta-base": [
      1.162, 
      65.0
    ]
  },
  "monotonicity": {
    "bert-base": [
      0.818, 
      57.599999999999994
    ], 
    "bert-large": [
      0.803, 
      56.49999999999999
    ], 
    "roberta-base": [
      0.853, 
      60.099999999999994
    ], 
    "roberta-large": [
      0.904, 
      63.6
    ], 
    "deberta-base": [
      0.778, 
      54.7
    ]
  },
  "lexicalAlign": {
    "bert-base": [
      1.155, 
      115.5
    ], 
    "bert-large": [
      1.137, 
      113.7
    ], 
    "roberta-base": [
      1.135, 
      113.5
    ], 
    "roberta-large": [
      1.154, 
      115.39999999999999
    ], 
    "deberta-base": [
      1.155, 
      115.5
    ]
  },

  "anaphora": {
    "bert-base": [
      0.391, 
      39.1
    ], 
    "bert-large": [
      0.412, 
      41.3
    ], 
    "roberta-base": [
      0.738, 
      73.8
    ], 
    "roberta-large": [
      0.623, 
      62.3
    ], 
    "deberta-base": [
      0.667, 
      66.7
    ]
  },

  "sentiment_vertex": {
    "bert-base": [
      1.074, 
      53.800000000000004
    ], 
    "bert-large": [
      1.023, 
      51.300000000000004
    ], 
    "roberta-base": [
      1.044, 
      52.300000000000004
    ], 
    "roberta-large": [
      1.051, 
      52.7
    ], 
    "deberta-base": [
      1.018, 
      51.0
    ]
  }, 
  "relation_vertex": {
    "bert-base": [
      0.742, 
      80.2
    ], 
    "bert-large": [
      0.742, 
      80.30000000000001
    ], 
    "roberta-base": [
      0.799, 
      86.4
    ], 
    "roberta-large": [
      0.78, 
      84.39999999999999
    ], 
    "deberta-base": [
      0.668, 
      72.3
    ]
  }, 

  "Average": {
    "bert-base": [
      0.7774285714285715, 
      59.57142857142857
    ], 
    "bert-large": [
      0.7632857142857142, 
      58.82857142857143
    ], 
    "roberta-base": [
      0.8328571428571427, 
      65.27142857142857
    ], 
    "roberta-large": [
      0.8202857142857144, 
      63.89999999999999
    ], 
    "deberta-base": [
      0.7942857142857144, 
      61.68571428571429
    ]
  }
}